"2247490447_4","“区块链100分”第四十六期——《你随便问 我认真答：链币证商法税》","http://mp.weixin.qq.com/s?__biz=MzUxMDE1NjQ1Ng==&mid=2247490447&idx=4&sn=75e93b9cdfbadee71f2f7be6d69eda57&chksm=f9061048ce71995ed4ef8ebd04f7893f52279d51570795fe5d4f220a2f317c49114010b31763#rd","1579234411"
"2247490447_3","“区块链100分”第四十七期——《区块链跨链技术详解与最新发展》","http://mp.weixin.qq.com/s?__biz=MzUxMDE1NjQ1Ng==&mid=2247490447&idx=3&sn=7e18dd313120ba3f8e776f38ac4431fb&chksm=f9061048ce71995e81c54820a5bb0ad9b1166c6f67248870c9f0e91e05c3976c087604fbcb4f#rd","1579234411"
"2247490423_2","“区块链100分”第四十五期——《中国区块链产业的发展现状与趋势》","http://mp.weixin.qq.com/s?__biz=MzUxMDE1NjQ1Ng==&mid=2247490423&idx=2&sn=7859094cc0a53a5c35aab41e72e8703c&chksm=f90610b0ce7199a64ed22ce8e89ce2f8a5c43eae30ebc643abfd6e3a16b3754a678a1219b130#rd","1579071951"
"2247490404_1","“区块链100分”内容精选《第三期刊》","http://mp.weixin.qq.com/s?__biz=MzUxMDE1NjQ1Ng==&mid=2247490404&idx=1&sn=f7d79aaa3a1676949c839ebc27cb49f3&chksm=f90610a3ce7199b5ef1f5c42b47a857dc92cb1d11bafe0161d339e6bb9e9295deac95bfc8abf#rd","1578996000"
"2247490404_2","“区块链100分”第四十四期——《区块链应用落地之经历与体会》","http://mp.weixin.qq.com/s?__biz=MzUxMDE1NjQ1Ng==&mid=2247490404&idx=2&sn=8dda74349ea351720991b55402273156&chksm=f90610a3ce7199b5a44b0765681e130a2de40468591353b3f0a69042776d20de569630f35dd8#rd","1578996000"
"2247490385_1","“区块链100分”第四十三期——《产业互联网：区块链下一阶段的主战场》","http://mp.weixin.qq.com/s?__biz=MzUxMDE1NjQ1Ng==&mid=2247490385&idx=1&sn=250f3ddde099604f2910601724be8865&chksm=f9061096ce719980a29567ebf3922beeb8b04ae918f69336445fb90b688cc64a394177c9d343#rd","1578925756"
"2247490380_1","“区块链100分”第四十二期——《基于区块链的分布式存储技术分享》","http://mp.weixin.qq.com/s?__biz=MzUxMDE1NjQ1Ng==&mid=2247490380&idx=1&sn=debb36c142adc25accaa34938f2fc0d1&chksm=f906108bce71999d4bf2da6f74af430aebb800c5a4e6b26abac0aca343e88821dfb161c2c381#rd","1578643866"
"2247490370_1","“区块链100分”第四十一期——《区块链在ID猪上的应用》","http://mp.weixin.qq.com/s?__biz=MzUxMDE1NjQ1Ng==&mid=2247490370&idx=1&sn=dcc1bdbb72c94c7ee2f6425cc9c55266&chksm=f9061085ce7199934a1a1d79cc22b9310dba5fbbfc71cf824ba41a73c1a97df025abde98b3ed#rd","1578554662"
"2247490333_1","“区块链100分”第四十期——《零知识证明的区块链应用 - 数资科技自研区块链的底层架构​》","http://mp.weixin.qq.com/s?__biz=MzUxMDE1NjQ1Ng==&mid=2247490333&idx=1&sn=d16d73ca55c1743774a07cce94270296&chksm=f90610dace7199cce2a283d749b2ad59138c2445a42af6b888796fde886c4d4069a5940d01dc#rd","1578491932"
"2247490333_2","“区块链100分”第三十九期——《区块链的大时代和我们的投资机遇​》","http://mp.weixin.qq.com/s?__biz=MzUxMDE1NjQ1Ng==&mid=2247490333&idx=2&sn=51dd2baee33005c5c6ce130c4af85bc3&chksm=f90610dace7199cc0addeba92228971841da0244e22a2a7548bcdd44d39da676643ba64557ea#rd","1578491932"
"2247490323_1","“区块链100分”第三十八期——《区块链治理机制》","http://mp.weixin.qq.com/s?__biz=MzUxMDE1NjQ1Ng==&mid=2247490323&idx=1&sn=958dc664db6171ecf8dec8b9217e4098&chksm=f90610d4ce7199c2d72b775b4b65ccd17e2de6b981f7a04a638a28f247852ab323c6c0d8ee38#rd","1578384117"
"2247490313_1","“区块链100分”第三十七期——《区块链存储的发展与落地》","http://mp.weixin.qq.com/s?__biz=MzUxMDE1NjQ1Ng==&mid=2247490313&idx=1&sn=5655fb25d7f7d9f04ba6188340770bc8&chksm=f90610cece7199d8ee72ad64c5077aa05ee87000b5774ad670a35c8796a70467a98a27fbbda8#rd","1578048494"
"2247490302_1","“区块链100分”内容精选《第二期刊》","http://mp.weixin.qq.com/s?__biz=MzUxMDE1NjQ1Ng==&mid=2247490302&idx=1&sn=03797cce0d8992db94ab017fd3654984&chksm=f9061139ce71982fd203d2ebf3793dfb9c86f2a5438715b18b2a61de6f21f36208e172ad34e1#rd","1577951952"
"2247490294_1","“区块链100分”第三十六期——《区块链在数字经济中的基础性作用探讨》","http://mp.weixin.qq.com/s?__biz=MzUxMDE1NjQ1Ng==&mid=2247490294&idx=1&sn=023e30c21a613a83f1fda5142ec0798d&chksm=f9061131ce7198270e02f3d97562b7fadd650e839a2187d76b4d4b3ad900d10427437113b875#rd","1577882600"
"2247490290_2","“区块链100分”第三十五期——《全同态加密与机器学习》","http://mp.weixin.qq.com/s?__biz=MzUxMDE1NjQ1Ng==&mid=2247490290&idx=2&sn=e7742f17ffc820d59dfdc7da3ab1cc30&chksm=f9061135ce71982370e01f2f31498461f7cbaafd299bf3ec189d17a48213dae106b254bd5819#rd","1577796701"
"2247490290_3","“区块链100分”第三十四期——《共识算法&区块链可扩展性方案选讲》","http://mp.weixin.qq.com/s?__biz=MzUxMDE1NjQ1Ng==&mid=2247490290&idx=3&sn=4cbbffb7329cb58bb00763436898cd75&chksm=f9061135ce7198235e8832cc3181232380b5188a9d44bb034245253ac4ae571b549a5b0968a8#rd","1577796701"
"2247490290_4","“区块链100分”第三十三期——《数字经济介绍，区块链与数字经济关系，区块链应用场景，区块链技术现状和发展趋势》","http://mp.weixin.qq.com/s?__biz=MzUxMDE1NjQ1Ng==&mid=2247490290&idx=4&sn=3ee0f85766af3328d533f5d4fd5e78c2&chksm=f9061135ce719823708f4e8e59b20221c472b728dd268563a56736e16768f650ec331234b7ca#rd","1577796701"
"2247490232_1","“区块链100分”第三十二期——《2019区块链与通证经济前沿探索、应用落地案例分享》","http://mp.weixin.qq.com/s?__biz=MzUxMDE1NjQ1Ng==&mid=2247490232&idx=1&sn=dd316723e9b3c24b0d663f14ad01e255&chksm=f906117fce719869e30bfd513918824a3643353888f0da91bdb5829e10c2ddab38d13781f224#rd","1577350557"
"2247490220_2","“区块链100分”第三十一期——《基于区块链和芯片的可信数据基础设施》","http://mp.weixin.qq.com/s?__biz=MzUxMDE1NjQ1Ng==&mid=2247490220&idx=2&sn=39aad1539c686a3981de076c5e6db991&chksm=f906116bce71987d5d725850ef32a72a62d2d8f0aa8fc87713d97849942ba9bdf3593ee9f657#rd","1577258443"
"2247490200_3","“区块链100分”第三十期——《链改:重塑社会结构和经济格局》","http://mp.weixin.qq.com/s?__biz=MzUxMDE1NjQ1Ng==&mid=2247490200&idx=3&sn=3b8d046cf86eed44f07543930c4357c9&chksm=f906115fce7198493b300f8c738fc4593a1ac384df39c84cd21e677457acc2b8b8c737ed45f5#rd","1577176523"
"2247490182_1","“区块链100分”第二十九期——《“底层链技术原理” & “PlatONE 联盟链平台” 介绍》","http://mp.weixin.qq.com/s?__biz=MzUxMDE1NjQ1Ng==&mid=2247490182&idx=1&sn=abda5807269fcd52e32e56fb737983b2&chksm=f9061141ce719857c503ba3dbff724d3019229ed5e24ef755cdece9995877ff12b7d8373dd0f#rd","1576936140"
"2247490176_2","“区块链100分”第二十八期——《区块链产业生态风险与治理对策》","http://mp.weixin.qq.com/s?__biz=MzUxMDE1NjQ1Ng==&mid=2247490176&idx=2&sn=71c797b03399593dbc6c9939db83264e&chksm=f9061147ce719851a31b7bb6e1b922cc8856b71cf92f7e7d7f9253a4842893c8c4ec9455164a#rd","1576810800"
"2247490160_3","“区块链100分”第二十七期——《区块链第一性原理》","http://mp.weixin.qq.com/s?__biz=MzUxMDE1NjQ1Ng==&mid=2247490160&idx=3&sn=31afc3ab084dbb98a972fb85afcbf8b2&chksm=f90611b7ce7198a17e7906e1ae2d60cd7dd773c46c0776d0614538a6fff8a7c22d46fdcd0a01#rd","1576761481"
"2247490160_4","“区块链100分”第二十六期——《数字经济时代区块链赋能实体经济》","http://mp.weixin.qq.com/s?__biz=MzUxMDE1NjQ1Ng==&mid=2247490160&idx=4&sn=9bc97d5a4b0bf7810d60a849132c7cbd&chksm=f90611b7ce7198a1e222de7a23006f041e63e86d437b4849e144a9a74d41b4ca91d62c29b134#rd","1576761481"
"2247490160_5","“区块链100分”第二十五期——《区块链在教育应用场景的分析》","http://mp.weixin.qq.com/s?__biz=MzUxMDE1NjQ1Ng==&mid=2247490160&idx=5&sn=9f957978e9a870fe70d088ca9f42d8c1&chksm=f90611b7ce7198a1d3df8dd3766de1d24352ccf11270c01c56b2a0138728e12e4661adcf88e9#rd","1576761481"
"2247490160_6","“区块链100分”第二十四期——《区块链在江西银行供应链金融中应用》","http://mp.weixin.qq.com/s?__biz=MzUxMDE1NjQ1Ng==&mid=2247490160&idx=6&sn=811d0e7818e64225300247c5a3113285&chksm=f90611b7ce7198a1269c0ed843704fcfe9cfa77e3e4b982fc32a0efa3475ccfde92891609f28#rd","1576761481"
"2247490023_3","“区块链100分”第二十三期——《实体企业链改的三重境界》","http://mp.weixin.qq.com/s?__biz=MzUxMDE1NjQ1Ng==&mid=2247490023&idx=3&sn=09bbadcd1a0884674a55281e0e02310f&chksm=f9061220ce719b3699ec6547546ddee22447f62aa48173843d4370074dc10db000704e91ca3d#rd","1576674227"
"2247490023_4","“区块链100分”第二十二期——《区块链助力智能制造》","http://mp.weixin.qq.com/s?__biz=MzUxMDE1NjQ1Ng==&mid=2247490023&idx=4&sn=c31bf9c300147b4816fef783b7846376&chksm=f9061220ce719b365240e6addada054ed1e1ed6db66a3e71ea62c644dabeed18c20487df822e#rd","1576674227"
"2247490023_5","“区块链100分”第二十一期——《数字经济的一些挑战》","http://mp.weixin.qq.com/s?__biz=MzUxMDE1NjQ1Ng==&mid=2247490023&idx=5&sn=03ad69d7a3c491ccff9a7e2be72bbd8d&chksm=f9061220ce719b36b171d1aecac3eb5bad8175cd4046daf3cd89cf9dd35fa2fa02ed0a877c2e#rd","1576674227"
"2247490009_1","“区块链100分”第二十期——《区块链的实际应用》","http://mp.weixin.qq.com/s?__biz=MzUxMDE1NjQ1Ng==&mid=2247490009&idx=1&sn=50717668f91091e04d4e5cf64378db6e&chksm=f906121ece719b0818c2beb0cc2303e26795c712f56d17cc208082a57fed73dfe8584d0dbecd#rd","1575711923"
"2247490005_1","“区块链100分”第十九期——《MOAC应用链产品和开发工具》","http://mp.weixin.qq.com/s?__biz=MzUxMDE1NjQ1Ng==&mid=2247490005&idx=1&sn=45900bd25d342ccf33e47cd85df3de22&chksm=f9061212ce719b04a6af63905a82339ad07c3cabb102ec303c71b733b01b8abbcd823a08c388#rd","1575636839"
"2247490001_2","“区块链100分”第十八期——《可扩展区块链的墨客实践》","http://mp.weixin.qq.com/s?__biz=MzUxMDE1NjQ1Ng==&mid=2247490001&idx=2&sn=be4b64367c6c48d874dd8ee19d1d3944&chksm=f9061216ce719b00b3d67ebd57befde9425f73654b56f79bf98a6d124a555bc88ec31e7d9109#rd","1575553515"
"2247489986_1","“区块链100分”第十七期——《区块链的最新发展以及对策》","http://mp.weixin.qq.com/s?__biz=MzUxMDE1NjQ1Ng==&mid=2247489986&idx=1&sn=2c2f475f90de5f5079af16cd3b81944e&chksm=f9061205ce719b135d023b9471545380d6ddbd8a64df40039d49c177db0203a0b4bdb04457c1#rd","1575428099"
"2247489981_1","“区块链100分”第十六期——《数字货币的前世今生》","http://mp.weixin.qq.com/s?__biz=MzUxMDE1NjQ1Ng==&mid=2247489981&idx=1&sn=23538fe92735b816e99f91547299e38c&chksm=f906127ace719b6ca86730f250490a746ce4ebe4bae7e7a29ced29a3b30dde750e4f1197c0e9#rd","1575338630"
"2247489969_1","“区块链100分”第十五期——《区块链技术在银行金融业的应用场景分析》","http://mp.weixin.qq.com/s?__biz=MzUxMDE1NjQ1Ng==&mid=2247489969&idx=1&sn=15479e05b4258dcc6d48d216c926a01b&chksm=f9061276ce719b60815346e19f382b950232f9b44483fa5f424f83eb78d3ee3a878a0e506a31#rd","1575096036"
"2247489969_2","“区块链100分”第十四期——《区块链技术在供应链金融领域的应用实践》","http://mp.weixin.qq.com/s?__biz=MzUxMDE1NjQ1Ng==&mid=2247489969&idx=2&sn=90ae447b88178bbcc9f3f2e29dc55b86&chksm=f9061276ce719b602006129727d9e35abb0b70496929a1f3a26a00adbd44ac45aec3eaabd624#rd","1575096036"
"2247489950_1","“区块链100分”第十三期——《中国政务区块链中的场景与意义》","http://mp.weixin.qq.com/s?__biz=MzUxMDE1NjQ1Ng==&mid=2247489950&idx=1&sn=fed535e362b6c9ce206e82eaba8f3d90&chksm=f9061259ce719b4f247829ecbca942182cb070a0f60f0022516852ab1938e46dbeb0daea2a33#rd","1574923524"
"2247489945_1","“区块链100分”第十二期——《后数字法币时代的区块链技术》","http://mp.weixin.qq.com/s?__biz=MzUxMDE1NjQ1Ng==&mid=2247489945&idx=1&sn=b8a28b2cde0f75e5323010fab8362e87&chksm=f906125ece719b4810dbc25eb475b65af8be14778aafec751b5b6e864b952895789fcadb82e2#rd","1574837556"
"2247489932_2","“区块链100分”第十一期——《“通证”，是否在数字经济的时代大放异彩？》","http://mp.weixin.qq.com/s?__biz=MzUxMDE1NjQ1Ng==&mid=2247489932&idx=2&sn=1c95d87f6ca8c9ca6cc41ccb97b52c97&chksm=f906124bce719b5d36f0b34fba7f8a1e3e02ed0046040116c14e259b38b888f1f02d706ad82f#rd","1574783593"
"2247489916_1","“区块链100分”第七期——《区块链的概念和核心原理》","http://mp.weixin.qq.com/s?__biz=MzUxMDE1NjQ1Ng==&mid=2247489916&idx=1&sn=87ce2a330416ebc85c65deaf3c333a07&chksm=f90612bbce719bad776604fb9253491a6b56e348be6f393e89561ff2225e287ad8b78615f1f4#rd","1574526420"
"2247489914_1","“区块链100分”内容精选《第一期刊》","http://mp.weixin.qq.com/s?__biz=MzUxMDE1NjQ1Ng==&mid=2247489914&idx=1&sn=6f96d2febab565aeb423178d4470d4bb&chksm=f90612bdce719bab035b122505d88a39812d1e344b36321d109306e280ec360d33e4ed4ec636#rd","1574519253"
"2247489914_2","“区块链100分”第十期——《区块链与慈善信托的结合》","http://mp.weixin.qq.com/s?__biz=MzUxMDE1NjQ1Ng==&mid=2247489914&idx=2&sn=24de44e8e7e7c5e143ab737fdfe2abfc&chksm=f90612bdce719babdc9b7502c5fb420788a50f834f68e45eead287199daaee1eebfdf545b53f#rd","1574519253"
"2247489892_1","“区块链100分”第八期——《区块链的技术到落地，彩票行业的区块链落地应用》","http://mp.weixin.qq.com/s?__biz=MzUxMDE1NjQ1Ng==&mid=2247489892&idx=1&sn=71411a45f469ed42f590b1bb2d6d0c4d&chksm=f90612a3ce719bb5ddcd01395f058014499a29476c24517dbd4c1368f2fcb8e626ac68f4fd55#rd","1574408001"
"2247489892_2","“区块链100分”第九期——《数据共享和隐私保护应用》","http://mp.weixin.qq.com/s?__biz=MzUxMDE1NjQ1Ng==&mid=2247489892&idx=2&sn=2e25cd0870406c1d77c497f406e21da9&chksm=f90612a3ce719bb5a1d6214a887c09b1c0478f95a660cfb8a625fe584a0b8b751a59b55e3c21#rd","1574408001"
"2247489831_1","“区块链100分”第六期——《链上世界、数联未来》","http://mp.weixin.qq.com/s?__biz=MzUxMDE1NjQ1Ng==&mid=2247489831&idx=1&sn=a1aae97685af09d9dcdef44f78d5bb72&chksm=f90612e0ce719bf6eb91fad16f51c0767f5330472206edde7867cf28a7e4c3982b91a3ce2f63#rd","1574137000"
"2247489812_1","“区块链100分”第五期——《数字货币的历史和原理》","http://mp.weixin.qq.com/s?__biz=MzUxMDE1NjQ1Ng==&mid=2247489812&idx=1&sn=e33afc05bc12cf0e3190b66ee609d10b&chksm=f90612d3ce719bc52169efb4feb8578d324b3bdf3ac62c98147d2add14fe546fb66e4ee9be5a#rd","1573882978"
"2247489802_1","“区块链100分”第四期——《区块链时代的创新商业模式开启下一个黄金十年》","http://mp.weixin.qq.com/s?__biz=MzUxMDE1NjQ1Ng==&mid=2247489802&idx=1&sn=3d1e303ca9206c5d9273e3b3b6f9b1c3&chksm=f90612cdce719bdbcd7f15beb57539b957b6bd593848d5ea2cf729833a79c7aa8c1c81754f12#rd","1573789522"
"2247489790_1","“区块链100分”第三期——《区块链与数字货币投资》","http://mp.weixin.qq.com/s?__biz=MzUxMDE1NjQ1Ng==&mid=2247489790&idx=1&sn=1d56f77190fe052d942d14e4f0746912&chksm=f9061339ce719a2f95b46cb82113c34cbc177b4d8480008acebeda6c2d97426ec1058e499cbb#rd","1573705981"
"2247489784_1","“区块链100分”第二期——区块链商业化拉开帷幕，中国优势何在？","http://mp.weixin.qq.com/s?__biz=MzUxMDE1NjQ1Ng==&mid=2247489784&idx=1&sn=ecb7fcfd5abeca171f5d8ab28f3749b5&chksm=f906133fce719a298771e670c4d0a453514b3377c106eb9608f51f878817a8bf7b75a1fe9ec5#rd","1573631596"
"2247489784_3","“区块链100分”第一期——区块链技术推动我国国家治理能力和治理体系现代化","http://mp.weixin.qq.com/s?__biz=MzUxMDE1NjQ1Ng==&mid=2247489784&idx=3&sn=a8566fef563cf69b924f180c4f195478&chksm=f906133fce719a290dca15d7ced4cee35c2a72592d4f6c963300fc3046ca3942f7a579f50a27#rd","1573631596"